person_id,person_name,birth_year,death_year,birthplace,biography
PS_01,Nguyễn Hoàng,1525,1613," ở làng Gia Miêu Ngoại trang, huyện Tống Sơn, phủ Hà Trung, xứ Thanh Hoa","Nguyễn Hoàng sinh 28 tháng 8 năm 1525 năm Ất Dậu, là người ở làng Gia Miêu Ngoại trang, huyện Tống Sơn, phủ Hà Trung, xứ Thanh Hoa[1], con trai thứ của Nguyễn Kim và bà chính thất Nguyễn Thị Mai, con gái của Đặc tiến quốc thượng tướng quân thự vệ sự triều Lê Nguyễn Minh Biện (quê ở làng Phạm Xá, xã Ngọc Sơn, thành phố Hải Dương). Tiên tổ Nguyễn Hoàng là Nguyễn Công Duẩn, theo vua Lê Thái Tổ, làm quan đến Phụng thần vệ tướng quân Gia đình Hầu, Hoành quốc công. Nguyễn Công Duẩn sinh Nguyễn Đức Trung, đời vua Lê Nhân Tông làm Điện tiền chỉ huy sứ, đã cùng Nguyễn Xí mưu lập vua Lê Thánh Tông, làm đến Đô đốc Trịnh quốc công. Nguyễn Đức Trung là anh của Nguyễn Văn Lỗ, Nguyễn Văn Lỗ sinh ra Nguyễn Văn Lãng (hay Lang), Nguyễn Văn Lang làm tướng triều đình thời Lê Uy Mục. Khi vua Uy Mục mất lòng dân, Nguyễn Văn Lang cùng con là Nguyễn Hoằng Dụ họp quân ba phủ xứ Thanh tôn con Kiến vương Lê Tân là Lê Oanh lên làm vua. Lê Oanh đánh đổ Lê Uy Mục, trở thành vua Lê Tương Dực, đã phong Nguyễn Văn Lang tước Nghĩa quốc công, Nguyễn Hoằng Dụ làm Thái phó Trừng quốc công.

Cha của Nguyễn Hoàng là Nguyễn Kim, con trưởng của Nguyễn Văn Lưu, làm quan cuối triều Lê sơ, giữ chức Hữu vệ điện tiền tướng quân, tước An hòa hầu. Năm 1527, Mạc Đăng Dung cướp ngôi nhà Lê, Nguyễn Kim có chí muốn khôi phục, ông dẫn con em sang Ai Lao thu nạp hào kiệt, tìm con cháu nhà Lê phò lập."
PS_02,Gia Long,1762,1820,Huế,"Gia Long[3] (chữ Hán: 嘉隆; 8 tháng 2 năm 1762 – 3 tháng 2 năm 1820), tên húy là Nguyễn Phúc Ánh (阮福暎), thường được gọi là Nguyễn Ánh (阮暎), là một nhà chính trị, nhà quân sự người Việt Nam, vị vua sáng lập nhà Nguyễn, triều đại quân chủ cuối cùng trong lịch sử Việt Nam. Ông trị vì từ năm 1802 đến khi qua đời năm 1820, được truy tôn miếu hiệu là Nguyễn Thế Tổ (阮世祖). Trong suốt thời gian trị vì ông chỉ sử dụng một niên hiệu là Gia Long (嘉隆), nên thường được gọi là Gia Long Đế.

Nguyễn Ánh là cháu nội của chúa Nguyễn Phúc Khoát, vị chúa Nguyễn áp chót ở Đàng Trong. Sau khi gia tộc chúa Nguyễn bị quân Tây Sơn lật đổ vào năm 1777, ông trốn chạy và bắt đầu cuộc chiến 25 năm với Tây Sơn để khôi phục ngôi vị. Ban đầu Nguyễn Ánh chịu nhiều thất bại lớn, có lúc phải chạy sang Xiêm La và sống lưu vong ở đây trong ba năm. Để chống Tây Sơn, ông nhiều lần cầu viện nước ngoài, bao gồm việc mời quân Xiêm đánh vào Nam bộ[4], hứa cắt đất và cống nạp để mời quân Pháp[5], và chở 50 vạn cân gạo để giúp quân Thanh đang chiếm đóng Bắc bộ[6]

Năm 1787, ông đã trở lại và giữ vững được Nam Bộ. Về sau, lúc Tây Sơn suy yếu sau cái chết đột ngột của vua Quang Trung vào năm 1792, Nguyễn Ánh bắt đầu tiến đánh nhà Tây Sơn và đến năm 1802 thì đánh bại Tây Sơn, lên ngôi hoàng đế, lập ra nhà Nguyễn, thống nhất đất nước và kết thúc nhiều thế kỷ nội chiến ở Việt Nam. Triều đại của Gia Long đã chính thức sử dụng quốc hiệu Việt Nam. Ông cũng quyết định đóng kinh đô tại thủ phủ cũ của các Chúa Nguyễn là Phú Xuân (Huế).[7] Lãnh thổ nước Việt thời Gia Long về cơ bản được định hình giống như ngày nay, kéo dài từ biên giới với Trung Quốc tới vịnh Thái Lan, bao gồm cả quần đảo Hoàng Sa và Trường Sa, tuy nhiên ông đã công nhận vùng đất Trấn Ninh - vốn được nhà Hậu Lê tuyên bố chủ quyền trong hơn 300 năm, thuộc về vương quốc Vạn Tượng để đền đáp sự ủng hộ của họ trong cuộc chiến với nhà Tây Sơn.[8]

Về đối ngoại, ông là người mở đường cho sự can thiệp của người Pháp ở Việt Nam qua việc mời người Pháp giúp xây dựng các thành trì lớn, huấn luyện quân đội và khoan thứ cho việc truyền đạo Công giáo tại Việt Nam. Về mặt đối nội, nước Việt thời Gia Long không được ổn định, do Gia Long tăng thuế khóa và lao dịch quá nặng nên bị người dân bất bình,[9] chỉ trong 18 năm đã có khoảng 90 cuộc khởi nghĩa nổ ra trên cả nước.[10] Gia Long cũng xóa bỏ các cải cách tiến bộ của triều Tây Sơn để thay bằng việc áp dụng các chính sách cai trị phong kiến khá bảo thủ, tiêu biểu là việc cấm thương nhân người Việt buôn bán với ngoại quốc,[11] soạn Hoàng triều luật lệ hay còn gọi là ""luật Gia Long"", gần như chép nguyên mẫu từ luật của nhà Thanh (Trung Quốc) nên khá khắc nghiệt và không được tiến bộ như bộ luật Hồng Đức của nhà Hậu Lê.[12] Các chính sách bảo thủ là nguyên nhân khiến nước Việt thời nhà Nguyễn dần trở nên trì trệ, lạc hậu, không thích ứng kịp với thời đại mới và bị đế quốc Pháp xâm chiếm vào nửa thế kỷ sau.[13]"
PS_03,Minh Mạng,1791,1841,Huế,"Minh Mạng hay Minh Mệnh (chữ Hán: 明命, 25 tháng 5 năm 1791 – 20 tháng 1 năm 1841) là vị hoàng đế thứ hai của triều Nguyễn trị vì từ năm 1820 đến khi qua đời, được truy tôn miếu hiệu là Nguyễn Thánh Tổ. Ông là vị vua có nhiều thành tích nhất của nhà Nguyễn, nhưng đến cuối thời ông thì nhà Nguyễn dần suy yếu cả về kinh tế và quân sự.

Trong 21 năm trị vì (1820-1841), Minh Mạng ban bố hàng loạt cải cách về hành chính. Ông đổi tên nước Việt Nam thành Đại Nam, lập thêm Nội các và Cơ mật viện, bãi bỏ chức Tổng trấn Bắc thành và Gia Định thành, đổi trấn thành tỉnh, củng cố chế độ lưu quan ở miền núi. Quân đội cũng được chú trọng xây dựng (do liên tục diễn ra nội loạn và chiến tranh giành lãnh thổ với lân bang). Minh Mạng còn cử quan đôn đốc khai hoang ở ven biển Bắc kỳ và Nam kỳ. Ngoài ra, ông rất quan tâm đến khoa cử Nho giáo, năm 1822 ông mở lại các kì thi Hội, thi Đình ở kinh đô để tuyển chọn nhân tài. Ông nghiêm cấm truyền bá đạo Cơ Đốc vì cho rằng đó là thứ tà đạo làm băng hoại truyền thống dân tộc.

Tuy nhiên, Minh Mạng không đưa ra cải cách nào về kinh tế, tiếp tục thi hành chính sách ""trọng nông ức thương"" của vua cha Gia Long. Đời sống nhân dân khó khăn, trong khi triều đình chi tiêu quá nhiều cho chiến tranh với các nước láng giềng, dẫn tới liên tục xảy ra nội loạn. Liên tiếp xảy ra các cuộc nổi dậy của nông dân chống lại triều đình (Phan Bá Vành, Lê Duy Lương, Nông Văn Vân,... ở miền Bắc và Lê Văn Khôi ở miền Nam). Trong 20 năm cai trị, đã có tới 234 cuộc nổi dậy chống triều đình trên cả nước, nhà vua phải sai nhiều tướng đánh dẹp.

Về ngoại giao, Minh Mạng không đưa ra cải cách nào, ông tiếp tục duy trì chính sách của Gia Long: Bế quan toả cảng, từ chối mọi giao lưu với phương Tây, cấm người dân buôn bán với ngoại quốc, khiến Đại Nam dần tụt hậu do không tiếp thu được các thành tựu mới về khoa học kỹ thuật.

Đối với các nước láng giềng, Minh Mạng sử dụng vũ lực nhiều lần: giành lại Trấn Ninh (từng bị vua cha là Gia Long cắt cho Ai Lao), lập các phủ Lạc Biên, Trấn Định, Trấn Man nhằm khống chế Ai Lao; đánh bại Xiêm La để giành quyền khống chế Chân Lạp, chiếm vùng Nam Vang (Phnôm Pênh ngày nay) và đổi tên thành Trấn Tây Thành; kết quả là Việt Nam thời cuối Minh Mạng có lãnh thổ rộng hơn cả hiện nay. Tuy nhiên, các cuộc chiến tranh tốn kém đó đã làm cạn kiệt quốc khố, nên nhà Nguyễn đã không thể giữ được các lãnh thổ mới đánh chiếm. Ngay sau khi Minh Mạng mất, con ông là Thiệu Trị đã phải rút quân khỏi Trấn Tây Thành, chỉ 7 năm sau khi chiếm được vùng này. Do quốc khố suy kiệt nên quân đội nhà Nguyễn sau thời Minh Mạng cũng ngày càng yếu đi. Nhiều lãnh thổ khác cũng bị Xiêm La đánh chiếm mà nhà Nguyễn không còn khả năng để giành lại (nay thuộc về nước Lào) nên lãnh thổ nhà Nguyễn sau thời Minh Mạng lại bị co hẹp lại, nhỏ hơn so với Việt Nam hiện nay."
PS_04,Tự Đức,1829,1883,Huế,"Tự Đức (chữ Hán: 嗣德, 22 tháng 9 năm 1829 – 19 tháng 7 năm 1883) tên thật là Nguyễn Phúc Hồng Nhậm (阮福洪任), khi lên ngôi đổi thành Nguyễn Phúc Thì (阮福時), là vị hoàng đế thứ tư của triều Nguyễn. Ông là vị vua có thời gian trị vì lâu dài nhất của nhà Nguyễn, trị vì từ năm 1847 đến 1883, ông được truy tôn miếu hiệu là Nguyễn Dực Tông (阮翼宗), thụy hiệu là Thể Thiên Anh Hoàng Đế. Trong suốt thời gian trị vì của mình ông chỉ sử dụng duy nhất một niên hiệu là Tự Đức (嗣德) nên thường được gọi với tên này.

Triều đại của ông đánh dấu sự suy yếu của nhà Nguyễn và nhiều sự kiện xấu với vận mệnh Đại Nam. Quân đội nhà Nguyễn ngày càng suy yếu, kinh tế trì trệ, trong khi nhiều cuộc nội loạn diễn ra trong cả nước. Năm 1858, liên quân Pháp-Tây Ban Nha nổ súng tấn công Đà Nẵng. Trước tình hình người Pháp xâm lấn trong triều đình đặt ra vấn đề cải cách, liên tiếp các năm từ 1864 đến 1881, các quan là Phan Thanh Giản, Phạm Phú Thứ, Nguyễn Trường Tộ, Đinh Văn Điền, Nguyễn Hiệp, Lê Định liên tiếp dâng sớ xin nhà vua cho cải cách toàn diện đất nước nhưng các đình thần lại không thống nhất, nhà vua cũng không đưa ra được quyết sách dứt khoát. Mãi đến năm 1878, triều đình mới bắt đầu cử người thực hiện các bước đầu tiên trong quá trình cải cách là cho học tiếng nước ngoài, nhưng đình thần vẫn bất đồng và nảy sinh hai phe chủ trương cải cách và bảo thủ, rồi đến khi nước Đại Nam dần rơi vào tay quân Pháp cũng nảy sinh hai phe chủ chiến và chủ hòa. Chính vua Tự Đức cũng phải tự phê về triều đại mình như sau: ""Thanh dung thịnh nhi võ bị suy, nghị luận đa nhi thành công thiểu"" (聲容盛而武備衰, 議論多而成功少; nghĩa là: Bề ngoài hào nhoáng nhưng quân sự suy yếu, bàn luận nhiều mà thành công ít)

Triều đình nhà Nguyễn ngày càng bất lực trước sự tấn công của Pháp, chỉ mong cắt đất cầu hòa. Cuối cùng, tới năm 1883, Tự Đức qua đời, ngay sau đó Pháp tấn công vào kinh đô và ép buộc nhà Nguyễn phải công nhận sự ""bảo hộ"" của Pháp trên toàn Đại Nam. Nhà Nguyễn sau thời Tự Đức chỉ còn là danh nghĩa, vua Nguyễn chỉ còn là bù nhìn, thực tế thì đã mất nước vào tay Pháp.
"
PS_05,Hàm Nghi,1871,1944,Huế,"Hàm Nghi ( chữ Hán : 咸宜 3 tháng 8 năm 1871 – 14 tháng 1 năm 1944 ), tên thật Nguyễn Phúc Ưng Lịch (阮福膺𧰡), là vị hoàng đế thứ tám của nhà Nguyễn , triều đại phong kiến cuối cùng trong lịch sử Việt Nam . Là em trai của vua Kiến Phúc , năm 1884 Hàm Nghi được các phụ chính đại thần Nguyễn Văn Tường và Tôn Thất Thuyết đưa lên ngôi ở tuổi 13. Sau khi cuộc phản công tại kinh thành Huế thất bại năm 1885 , Tôn Thất Thuyết đưa ông ra ngoài và phát chiếu Cần Vương chống thực dân Pháp . Nhân danh ông, Tôn Thất Thuyết đã phát động phong trào Cần Vương , kêu gọi văn thân, nghĩa sĩ giúp vua, giúp nước. Phong trào này kéo dài đến năm 1888 thì Hàm Nghi bị bắt. Sau đó, ông bị đem an trí ở Alger ( thủ đô xứ Algérie ) và qua đời tại đây năm 1944 vì bệnh ung thư dạ dày . Do áp lực của Pháp nên nhà Nguyễn không lập miếu hiệu cho ông. Ngày nay, lịch sử Việt Nam xem ông cùng với các vua chống Pháp gồm Thành Thái , Duy Tân là ba vị vua yêu nước trong thời kỳ Pháp thuộc . [ 1 ] Hàm Nghi húy là Nguyễn Phúc Ưng Lịch , khi lên ngôi đổi thành Nguyễn Phúc Minh . Ông là con thứ năm của Kiên Thái vương Nguyễn Phúc Hồng Cai và bà Phan Thị Nhàn, sinh ngày 17 tháng 6 năm Tân Mùi , tức 3 tháng 8 năm 1871 (có tài liệu ghi ông sinh ngày 22 tháng 7 năm 1872 ) tại Huế . Ông là em ruột của vua Kiến Phúc (Ưng Đăng) và vua Đồng Khánh (Chánh Mông hay Ưng Kỷ). Sau khi vua Tự Đức qua đời vào tháng 7 năm 1883 , mặc dù các Phụ chính đại thần Nguyễn Văn Tường và Tôn Thất Thuyết nắm trọn quyền hành trong việc phế bỏ vua này truất ngôi vua khác nhưng lại rất bị động trong việc tìm người trong Hoàng gia có cùng chí hướng để đưa lên ngôi. Trước thời Hàm Nghi, cả ba vua Dục Đức , Hiệp Hòa và Kiến Phúc đều lần lượt đi ngược lại đường lối của phái chủ chiến hoặc bị mất sớm, trở thành những phần tử không thể không bị loại bỏ khỏi triều chính đang rối ren. [ 2 ] Vua Kiến Phúc đột ngột qua đời trong lúc tình hình đang có lợi cho phái chủ chiến trong triều đình Huế. [ 3 ] Sau khi nhà vua mất, đáng lẽ con nuôi thứ hai của vua Tự Đức là Nguyễn Phúc Ưng Kỷ lên ngôi, nhưng Nguyễn Văn Tường và Tôn Thất Thuyết sợ lập một vị vua lớn tuổi sẽ mất quyền hành và hai ông chủ trương dứt khoát lựa chọn bằng được một vị vua ủng hộ lập trường chống Pháp nên đã chọn Ưng Lịch. Đây là một người có đủ tư cách về dòng dõi, nhưng chưa bị cuộc sống giàu sang của kinh thành làm vẩn đục tinh thần tự tôn dân tộc và quan trọng hơn hết là hai ông có thể định hướng nhà vua về đại cuộc của đất nước một cách dễ dàng. Ưng Lịch từ nhỏ sống trong cảnh bần hàn, dân dã với mẹ ruột chứ không được nuôi dạy tử tế như hai người anh ruột ở trong cung. Khi thấy sứ giả đến đón, cậu bé Ưng Lịch hoảng sợ và không dám nhận áo mũ người ta dâng lên. Sáng ngày 12 tháng 6 năm Giáp Thân , tức ngày 2 tháng 8 năm 1884 , Ưng Lịch được dìu đi giữa hai hàng thị vệ, tiến vào điện Thái Hòa để làm lễ lên ngôi hoàng đế , đặt niên hiệu là Hàm Nghi. Khi đó Ưng Lịch mới 13 tuổi. Người ta nói rằng Hàm Nghi được lên nối ngôi theo di chúc của vua Kiến Phúc trước đây. Tuy nhiên, trên thực tế, Hàm Nghi được phái chủ chiến lập lên ngôi. Nhân vật cầm đầu phái chủ chiến là Tôn Thất Thuyết - Phụ chính đại thần đồng thời là Thượng thư bộ Binh. [ 3 ] Tháng 7-1884, sau khi vua Kiến Phúc đột ngột qua đời, triều đình tôn Hàm Nghi lên ngôi. Khâm sứ Pierre Paul Rheinart thấy Nguyễn Văn Tường và Tôn Thất Thuyết tự tiện lập vua, không hỏi ý kiến đúng như đã giao kết nên gửi quân vào Huế bắt Triều đình nhà Nguyễn phải xin phép. Rheinart gửi công hàm cho triều đình Huế rằng: Nam triều có lập ai lên làm vua, thì phải xin phép nước Pháp mới được . Nguyễn Văn Tường và Tôn Thất Thuyết phải làm tờ xin phép bằng chữ Nôm nhưng viên Khâm sứ không chịu, bắt làm bằng chữ Hán . Hai ông phải viết lại, viên Khâm sứ mới chịu và sau đó đi cửa chính vào điện làm lễ phong vương cho vua Hàm Nghi. Công việc đầu tiên mà vua Hàm Nghi phải thủ vai, dưới sự hướng dẫn của Tôn Thất Thuyết là tổ chức đón phái đoàn Pháp từ Tòa Khâm sứ ở bờ Nam sông Hương sang điện Thái Hòa làm lễ tôn vương cho nhà vua. Đây là thắng lợi mà phe chủ chiến của triều đình Huế đã đạt được trong việc bảo vệ ngai vàng của Hàm Nghi."
PS_06,Paul Doumer,1857,1932,Pháp,"Paul Doumer xuất thân từ một gia đình lao động, bố làm công nhân xe lửa. Năm 12 tuổi, ông đã phải đi kiếm sống, làm thợ khắc, sau đó vào học trường dạy nghề. Chàng thanh niên Paul là người có nghị lực. Năm 20 tuổi, ông đỗ bằng cử nhân toán học, năm sau lấy tiếp bằng cử nhân luật, trở thành chuyên gia tài chính. Sau một thời gian ngắn dạy học, ông ra làm báo, gia nhập Đảng cấp tiến Pháp và được bầu làm Nghị sĩ của đảng này. Từ đó bước vào chính trường.

Từ người viết báo trở thành Nghị sĩ nhờ quan điểm chính trị cấp tiến, Paul Doumer bắt đầu có quan hệ chặt chẽ với các tập đoàn tài chính - công nghiệp, ông từng là thành viên Hội đồng quản trị Tổng công ty Điện lực CGE. Tham gia chính phủ, ông chuyển lập trường sang phái hữu, tuy trên danh nghĩa không rời bỏ Đảng cấp tiến. Năm 1895, làm Bộ trưởng tài chính, Paul Doumer ban hành thuế thu nhập. Từ những quan hệ chằng chịt nơi hậu trường, ông rời chính phủ sang Đông Dương làm Toàn quyền. Dưới thời cai trị của ông, Đông Dương lần đầu tiên trở thành thuộc địa tạo ra lợi nhuận cung ứng cho Pháp chứ không cần rót tiền sang đầu tư, nhưng cái giá phải trả chính là sự đau khổ của người Việt Nam, khi mà Doumer đã tăng cường đánh thuế, bóc lột triệt để các nguồn lực ở thuộc địa để lấy đó làm lợi nhuận cho chính quốc Pháp"
PS_07,Cường Để,1882,1951,Huế,"Ông nguyên tên là Nguyễn Phúc Dân (阮福民), ấu danh Mệ Cưởi, sinh ngày 11 tháng 1 năm Nhâm Ngọ (tức 28 tháng 2 năm 1882) tại Huế, là con của Hàm Hóa Hương công Nguyễn Phúc Tăng Nhu. Ông là cháu 5 đời dòng đích của vua Gia Long, là cháu trực hệ của Hoàng tử Cảnh[1]. Do Hoàng tử Cảnh mất sớm, tổ phụ ông là Hoàng tôn Đán bấy giờ còn nhỏ tuổi, ngôi vua truyền cho con thứ 4 là Hoàng tử Đảm, tức vua Minh Mạng.
Từ người viết báo trở thành Nghị sĩ nhờ quan điểm chính trị cấp tiến, Paul Doumer bắt đầu có quan hệ chặt chẽ với các tập đoàn tài chính - công nghiệp, ông từng là thành viên Hội đồng quản trị Tổng công ty Điện lực CGE. Tham gia chính phủ, ông chuyển lập trường sang phái hữu, tuy trên danh nghĩa không rời bỏ Đảng cấp tiến. Năm 1895, làm Bộ trưởng tài chính, Paul Doumer ban hành thuế thu nhập. Từ những quan hệ chằng chịt nơi hậu trường, ông rời chính phủ sang Đông Dương làm Toàn quyền. Dưới thời cai trị của ông, Đông Dương lần đầu tiên trở thành thuộc địa tạo ra lợi nhuận cung ứng cho Pháp chứ không cần rót tiền sang đầu tư, nhưng cái giá phải trả chính là sự đau khổ của người Việt Nam, khi mà Doumer đã tăng cường đánh thuế, bóc lột triệt để các nguồn lực ở thuộc địa để lấy đó làm lợi nhuận cho chính quốc Pháp
"
PS_08,Phan Châu Trinh,1872,1926," làng Tây Lộc thuộc huyện Hà Đông, sau đổi thành huyện Tiên Phước, phủ Tam Kỳ","Gia thế Phan Châu Trinh là một nhà vọng tộc trong huyện. Thân phụ là Phan Văn Bình là một võ quan giữ chức Quản cơ sơn phòng (trông coi công việc ở biên giới vùng núi), hưởng ứng phong trào Cần Vương do Trần Văn Dư và Nguyễn Duy Hiệu lãnh đạo, giữ chức chuyển vận sứ, phụ trách việc quân lương. Mẹ là Lê Thị Trung, con nhà danh tộc làng Phú Lâm (xã Tiên Sơn, huyện Tiên Phước, tỉnh Quảng Nam ngày nay), có đức hiền lành, hiểu biết khá nhiều về văn học Trung Quốc.[1]

Ông Phan Văn Bình xuất thân từ một gia đình giàu có và hào hiệp, quê ở làng Tây Lộc thuộc huyện Hà Đông, sau đổi thành huyện Tiên Phước, phủ Tam Kỳ (nay thuộc xã Tam Lộc, huyện Phú Ninh, tỉnh Quảng Nam). “Ông thân sinh Phan Châu Trinh tên là Bình, học trò trường ba, quyền bá hộ, làm Quản cơ sơn phòng, tán tài kết khách, thanh gươm yên ngựa, có chí muốn lập công danh. Mẹ họ Lê, con nhà danh tộc làng Phú Lâm, có đức hiền lành...”[2]

Vợ chồng ông Phan Văn Bình có 4 người con, 3 người con trai lớn và 1 người con gái út, trong đó Phan Châu Trinh là con thứ ba. Năm 1864, bà Lê Thị Trung mất, ông Bình đi bước nữa và có thêm 2 người con gái. Trong quan hệ họ hàng gia tộc, các anh em nội ngoại của ông Phan Văn Bình đều là những người có tiếng trong vùng về lòng yêu nước, thương dân và đã từng tham gia tích cực các phong trào Nghĩa hội, Duy tân, Đông du... như Lê Cơ, Lê Lượng, Lê Vĩnh Huy, Lê Triêm..."
PS_09,Huỳnh Thúc Kháng,1876,1947,"làng Thạnh Bình, tổng Tiên Giang Thượng, huyện Tiên Phước, phủ Tam Kỳ","Nguyên tên ông là Huỳnh Văn Thước (còn có tên là Huỳnh Hanh), sinh ngày 1 tháng 10 năm 1876 tại làng Thạnh Bình, tổng Tiên Giang Thượng, huyện Tiên Phước, phủ Tam Kỳ (nay thuộc xã Tiên Cảnh, huyện Tiên Phước), tỉnh Quảng Nam. Cha của ông là Huỳnh Văn Phương, tự Tấn Hữu, xuất thân nhà nông hào nhưng cũng học qua Nho học, nhiều lần thi cử nhưng không đỗ. Mẹ của ông là Nguyễn Thị Tình, người làng Hội An nhưng cư ngụ làng Phú Thị (nay thuộc xã Tiên Châu, huyện Tiên Phước), em ruột Phó bảng Nguyễn Đình Tựu. Ông là người con thứ 4 và là con trai út trong nhà, nhưng vì 2 anh trai mất sớm, chị gái cả Huỳnh Thị Duật (sinh năm 1873), lấy chồng tại Hương Lâm, Tứ Chánh nay thuộc xã Tiên Hiệp, huyện Tiên Phước, tỉnh Quảng Nam nên ông là người con trai duy nhất."
PS_10,Trần Quý Cáp,1870,1908,"làng Bất Nhị, thuộc tỉnh Quảng Nam (Trung phần)","Trần Quý Cáp người làng Bất Nhị, thuộc tỉnh Quảng Nam (Trung phần), hiệu là Thai Xuyên. Mặc dù ông thông minh, học giỏi nhưng lại lận đận trong khoa trường. Năm 1903 ông vẫn còn là Tú tài trong khi các bạn đồng môn người thì Tiến sĩ, kẻ thì Phó bảng hay Cử nhân. Mãi đến năm 1904 ông mới được đặc cách cho thi Hội rồi thi Đình, đỗ Tiến sĩ khoa Giáp Thìn, cùng khoa với Huỳnh Thúc Kháng và Đặng Văn Thụy.

Là một người cầu tiến, và vì chịu ảnh hưởng của các học giả Trung Hoa là Lương Khải Siêu, Khang Hữu Vi, ông cực lực đả kích lối từ chương khoa cử, đề nghị một lối học mới có tinh thần cứu quốc. Năm 1905, ông cùng với các đồng chí là Phan Chu Trinh, Huỳnh Thúc Kháng định vào Nam hô hào công cuộc duy tân.

Tới Bình Định gặp lúc quan tỉnh mở kỳ thi khảo hạch, ra đầu bài thơ là Chí thành thông thánh và bài phú Danh sơn Lương Ngọc, cả ba ông định nhân dịp cổ động việc nước, liền nộp quyển làm bài. Những bài của 3 ông khiến quan tỉnh phải điên đầu, báo cáo về triều đình Huế để quyết định.

Vào đến vịnh Cam Ranh, nhân có chiến hạm Nga vào đó lánh nạn, 3 ông thuê thuyền ra tận nơi xem.

Tới Bình Thuận, 3 ông kết giao với các sĩ phu yêu nước tị địa từ miền Nam, bao gồm Trương Gia Mô, Hồ Tá Bang, Nguyễn Hiệt Chi và hai anh em Nguyễn Trọng Lợi, Nguyễn Quý Anh là con trai của nhà thơ yêu nước Nguyễn Thông, dấy lên phong trào Duy Tân ở đây. Chính phong trào này dẫn đến sự sáng lập của Liên Thành Thư Xã, Liên Thành Thương Quán và Dục Thanh Học Hiệu trong các năm sau.

Năm 1907 ông làm Giáo thụ ở phủ Thăng Bình, tỉnh Quảng Nam. Ông mở một lớp chữ Pháp trong trường, rước thầy về dạy học sinh. Bọn quan lại cựu học không ưa, liền tìm cách đổi ông vào Khánh Hòa.

Năm 1908, xảy ra cuộc kháng thuế ở Quảng Nam, phần lớn thân sĩ trong tỉnh bị bắt. Việc này làm chấn động các giới trong nước. Tại Khánh Hòa, Trần Quý Cáp làm một bức thư gửi cho các bạn hữu tại Quảng Nam, trong đó có những lời lẽ dí dỏm như sau:

“	
Cận văn ngô châu cử nhứt khoái sự, ngô văn chi, khoái nhậm, khoái thậm.

”
Nghĩa là:

“	
Gần đây nghe trong tỉnh nhà làm một việc rất thú, tôi nghe tin lấy làm thích lắm.

”
Sau đó ông bị bắt giam và bị chính quyền nhà Nguyễn tỉnh Khánh Hòa khép vào tội mưu phản, lãnh án chém ngang lưng tại Khánh Hòa.

Tương truyền khi gia quyến và học trò đưa quan tài Trần Quý Cáp ngang qua Bồng Sơn (thuộc huyện Hoài Nhơn), Tri phủ Hoài Nhơn Nguyễn Đình Hiến đã thiết án bên đò Bồng Sơn làm lễ, lạy khóc thảm thê. Công sứ Bình Định là A. Sandré (1907 - 1910) biết tin, cho rằng Nguyễn Tri phủ đã đồng lõa với Trần Quý Cáp. Nhờ có Tổng đốc Bình Định là cụ Bùi Xuân Huyên can thiệp, bày cho ông Nguyễn Đình Hiến giả đang mắc bệnh tâm thần nên chuyện mới được cho qua."
PS_11,Duy Tân,1900,1945,Huế,"Duy Tân (chữ Hán: 維新 19 tháng 9 năm 1900 – 26 tháng 12 năm 1945), tên khai sinh là Nguyễn Phúc Vĩnh San (阮福永珊), là vị hoàng đế thứ 11 của nhà Nguyễn, ở ngôi từ năm 1907 đến năm 1916, sau vua Thành Thái.

Khi vua cha bị thực dân Pháp lưu đày, ông được người Pháp đưa lên ngôi khi còn thơ ấu. Tuy nhiên, ông dần dần khẳng định thái độ bất hợp tác với Pháp. Năm 1916, lúc ở châu Âu có cuộc Đại chiến, ông bí mật liên lạc với các lãnh tụ Việt Nam Quang phục Hội như Thái Phiên, Trần Cao Vân dự định khởi nghĩa. Tuy nhiên, dự định bại lộ và Duy Tân bị bắt ngày 6 tháng 5 và đến ngày 3 tháng 11 năm 1916 ông bị đem an trí trên đảo Réunion ở Ấn Độ Dương.

Trong Chiến tranh thế giới thứ hai (1939 - 1945) ông gia nhập quân Đồng Minh chống phát xít Đức. Ngày 26 tháng 12 năm 1945, ông tử nạn trong vụ tai nạn máy bay ở Cộng hòa Trung Phi, khi ông mới 45 tuổi. Ngày 28 tháng 3 năm 1987, thi hài ông được đưa từ M'Baiki, Cộng hòa Trung Phi về Việt Nam, rồi đưa về an táng tại Lăng Dục Đức, Huế cạnh lăng mộ vua cha Thành Thái. Ông không có miếu hiệu."
PS_12,Bảo Đại,1913,1997,Huế,"Nguyễn Phúc Vĩnh Thụy, tên tục lúc bé là Mệ Vững, sinh ngày 22 tháng 10 năm 1913[1] tại kinh thành Huế, là con trai duy nhất của vua Khải Định, mẹ là Hoàng Thị Cúc. Về thân thế của Bảo Đại cho đến nay vẫn còn nhiều dấu chấm hỏi lớn, vì theo các ghi chép lịch sử, vua Khải Định bị cho là vô sinh và không thích gần đàn bà.[2]

Ngày 28 tháng 4 năm 1922, khi được 9 tuổi, ông được xác lập làm Đông cung Hoàng Thái tử.[3] Ngày 15 tháng 6 năm 1922, ông cùng Khải Định sang Pháp để tham gia cuộc triển lãm hàng hóa tại Marseille. Đây là lần đầu tiên ông đi sang một quốc gia ở miền Tây Âu."
PS_13,Hồ Chí Minh,1890,1969,Nghệ An,"Hồ Chí Minh (chữ Nho: 胡志明; 19 tháng 5 năm 1890 – 2 tháng 9 năm 1969), tên khai sinh là Nguyễn Sinh Cung (chữ Nho: 阮生恭), còn được gọi phổ biến tại Việt Nam với tên gọi Bác Hồ, là một nhà cách mạng và chính khách người Việt Nam. Ông là người sáng lập Đảng Cộng sản Việt Nam, từng là Chủ tịch nước Việt Nam Dân chủ Cộng hòa từ 1945–1969, Thủ tướng Việt Nam Dân chủ Cộng hòa trong những năm 1945–1955, Tổng Bí thư Ban Chấp hành Trung ương Đảng Lao động Việt Nam từ 1956–1960, Chủ tịch Ban Chấp hành Trung ương Đảng Lao động Việt Nam từ năm 1951 cho đến khi qua đời.

Trong quãng thời gian sinh sống và hoạt động trước khi lên nắm quyền, Hồ Chí Minh đã đi qua nhiều quốc gia và châu lục, ông được cho là đã sử dụng từ 50[1] đến 200 bí danh khác nhau.[2] Về mặt tư tưởng chính trị, Hồ Chí Minh là một người theo chủ nghĩa Marx–Lenin. Ông là nhà lãnh đạo phong trào độc lập Việt Minh tiến hành Cách mạng Tháng Tám năm 1945. Ông cũng là người đã soạn thảo, đọc bản Tuyên ngôn độc lập thành lập nước Việt Nam Dân chủ Cộng hòa, và trở thành Chủ tịch nước sau cuộc tổng tuyển cử năm 1946.

Trong giai đoạn diễn ra chiến tranh Đông Dương và chiến tranh Việt Nam, Hồ Chí Minh là nhân vật chủ chốt trong hàng ngũ lãnh đạo của Việt Nam Dân chủ Cộng hòa và Mặt trận Dân tộc Giải phóng miền Nam Việt Nam. Hồ Chí Minh giảm dần hoạt động chính trị vào năm 1965 vì lý do sức khỏe rồi qua đời vào năm 1969. Năm 1975, Việt Nam Dân chủ Cộng hòa chiến thắng, hai miền Việt Nam được thống nhất, dẫn đến sự ra đời của nhà nước Cộng hòa Xã hội chủ nghĩa Việt Nam vào năm 1976. Thành phố Sài Gòn – Gia Định được đổi tên thành Thành phố Hồ Chí Minh để tôn vinh ông cũng như sự kiện này. Ngoài hoạt động chính trị, Hồ Chí Minh cũng là nhà văn, nhà thơ và nhà báo với nhiều tác phẩm viết bằng tiếng Việt, tiếng Hán và tiếng Pháp."
PS_14,Trần Huy Liệu,1901,1969," làng Vân Cát, xã Kim Thái, huyện Vụ Bản, tỉnh Nam Định","Ông quê ở làng Vân Cát, xã Kim Thái, huyện Vụ Bản, tỉnh Nam Định. Ông có bút danh chính là ""Nam Kiều"" và nhiều bút hiệu khác như ""Đẩu Nam"", ""Hải Khách"", ""Côi Vị"", ""Ẩm Hân Kiếm Bút"".

Thuở nhỏ ông học thầy Bùi Trình Khiêm ở Nam Định, Hà Nội. Từ năm 1924, ông vào Nam công tác với các báo Nông cổ mín đàm, Rạng đông, làm chủ bút tờ Đông Pháp thời báo. Tháng 6 năm 1927, ông bị Pháp bắt, kết án tù vì có chân trong các tổ chức yêu nước.

Trần Huy Liệu có một người vợ chính thức và bốn người con. Ngoài ra, ông có một người vợ không chính thức và một người con nữa với bà. Người vợ không chính thức dù có con, em tham gia bộ đội và ủng hộ rất nhiều cho kháng chiến, bà vẫn bị quy địa chủ tại Cuộc cải cách ruộng đất năm 1954, giam giữ đến gần chết vì lao phổi."
PS_15,Thích Trí Quang,1923,2019,Quảng Bình,"Thích Trí Quang (21 tháng 12 năm 1923 — 8 tháng 11 năm 2019) là một nhà sư Phật giáo Đại thừa người Việt Nam, được biết đến với vai trò lãnh đạo quần chúng Phật tử miền Nam Việt Nam trong Biến cố Phật giáo 1963 , và trong các cuộc biểu tình của Phật tử chống lại chế độ quân sự miền Nam Việt Nam cho đến khi Biến động Miền Trung năm 1966 bị dẹp tan. Chiến dịch năm 1963 của Thích Trí Quang kêu gọi tín đồ noi gương Mahatma Gandhi , đã chứng kiến các cuộc biểu tình quy mô lớn chống lại chính phủ Tổng thống Ngô Đình Diệm , mà nguyên nhân chính xuất phát từ anh trai Diệm là Tổng giám mục Công giáo La Mã Huế , Pierre Martin Ngô Đình Thục , đã ngược đãi và đàn áp đa số Phật tử. Việc đàn áp dân quyền Phật giáo và dẹp loạn các cuộc biểu tình, cùng với các vụ tự thiêu của 5 nhà sư đã châm ngòi cho cuộc đảo chính năm 1963 do Mỹ hậu thuẫn trong đó Diệm và Nhu bị lật đổ và ám sát . Kể từ năm 1964, Thích Trí Quang đi đầu trong các cuộc biểu tình Phật giáo chống lại chính quyền của Tướng Nguyễn Khánh , cáo buộc vị tướng này độc tài và không đủ sức loại bỏ những thành phần ủng hộ Diệm khỏi các vị trí quyền lực, và sau đó là cuộc biểu tình chống lại Thống chế Không quân Nguyễn Cao Kỳ , người đã sa thải tướng ủng hộ Phật giáo Nguyễn Chánh Thi khỏi các chức vụ của Thi tại miền Trung Việt Nam , một thành trì của Phật giáo. Tình trạng bất ổn dân sự kéo dài trong ba tháng cho đến khi Kỳ đánh dẹp các nhà hoạt động Phật giáo, chấm dứt ảnh hưởng của họ trên chính trường Nam Việt Nam. Thích Trí Quang bị quản thúc tại gia và dành phần lớn thời gian cuối đời để viết và dịch kinh điển Phật giáo. Hòa thượng Thích Trí Quang tên khai sinh là Phạm Quang , tên tục là Do, [ a ] sinh ngày 21 tháng 12 năm 1923 tại làng Diêm Điền , phía tây sông Nhật Lệ , thành phố Đồng Hới tỉnh Quảng Bình , miền Trung Việt Nam. [ 1 ] Ông là con thứ tư trong gia đình có 6 anh em trai, hai anh đầu khác mẹ. Mẹ ông là hội viên Hội Tiên Thiên Thánh Giáo (hội những người lên đồng). Cha ông bán thế xuất gia với ngài Thích Đắc Quang, pháp danh Hồng Nhật. Khi ông được 6 tuổi, bố mẹ cho ông học chữ Hán và chữ quốc ngữ. Sau đó ông được gửi đi tu học tại Chùa Bảo Quốc , Huế với các Hòa thượng Thích Trí Độ , Thích Mật Thể, v.v là những vị sáng lập Phong trào Chấn hưng Phật giáo tại miền Trung Việt Nam . [ 2 ] Xuất gia năm 1936, bổn sư là Hoà thượng Thích Trí Độ , Chủ tịch Hội Phật Giáo Cứu Quốc. [ 3 ] Năm 1937, ông vào Huế theo học chương trình đào tạo tăng sĩ và hoàn tất chương trình vào năm 1944. Năm sau, ông thọ giới Tỳ kheo . [ 4 ] Mùa hè năm 1946, ông được mời theo Hòa thượng Thích Trí Độ ra Hà Nội thành lập Phật học viện tại chùa Quán sứ. Cuối năm 1946, ông trở về Quảng Bình thọ tang cha, sau đó ra Huế tu tại chùa Từ Đàm . Ở Huế vì hoạt động trong Hội Phật giáo Cứu quốc, ông bị chính quyền Pháp thời ấy bắt giam và bị quản thúc sau khi được trả tự do. [ 5 ] Đầu năm 1947, Pháp chiếm Quảng Bình, ông vào chiến khu chống Pháp, phụ trách quận hội của Liên Việt. Năm 1963, ngày lễ Phật đản (ngày sinh của Đức Phật Thích-ca Mâu-ni ) rơi vào ngày 8 tháng 5. Các tín đồ Phật giáo Huế đã chuẩn bị long trọng cho ngày lễ này, trong đó có việc treo cờ Phật giáo . Nhưng chính phủ lại viện dẫn một quy định hiếm khi được thực thi là cấm treo cờ tôn giáo. Điều này trái ngược với những gì diễn ra tại một sự kiện Công giáo nhân kỷ niệm 5 năm Ngô Đình Thục làm Tổng giám mục Huế chưa đầy một tháng trước. Việc áp dụng đạo luật này đã gây ra sự phẫn nộ trong giới Phật tử trước thềm ngày lễ quan trọng nhất năm, vì một tuần trước những người theo Công giáo được phép treo cờ Vatican nhân đại lễ kỷ niệm 25 năm ngày tấn phong anh trai Diệm là Ngô Đình Thục làm Tổng giám mục Huế. Chính quyền Diệm còn lập ngân sách thông qua một ủy ban quốc gia yêu cầu người dân quyên góp tiền cho lễ kỷ niệm của Thục. Các Phật tử bị buộc phải ủng hộ 1 tháng lương tiền công của họ nhân đại lễ này. [ 6 ] Vào ngày lễ Phật đản, hàng ngàn Phật tử bất chấp lệnh cấm vẫn treo cờ. Trí Quang phát biểu trước đám đông và kêu gọi người dân đứng lên chống lại sự kỳ thị của chính quyền với Phật giáo. Ông kêu gọi các Phật tử có mặt tại đài phát thanh chính phủ vào buổi tối để tham gia biểu tình. Căng thẳng gia tăng suốt ngày hôm sau khi những người biểu tình hô vang và giơ cao những khẩu hiệu chống chính phủ cùng số người tham gia ngày càng đông. Họ mong đợi nghe bài diễn văn mừng ngày Phật đản của Thích Trí Quang, nhưng bài diễn văn đã bị cơ quan kiểm duyệt của chính phủ rút khỏi chương trình phát sóng. Quân đội được điều động tới nhằm giải tán người biểu tình, sử dụng vòi rồng và nã đạn thẳng vào đám đông, khiến 9 người chết và 4 người khác bị thương nặng. [ 7 ] [ 8 ] Thích Trí Quang trong suốt đêm đi khắp nơi trên đường phố Huế, sử dụng loa phát thanh tố cáo chính quyền tàn sát tín đồ. [ 7 ] [ 9 ] Sau đó ông kêu gọi Phật tử tham dự lễ cầu siêu cho các nạn nhân thiệt mạng trong vụ xả súng ở Huế dự kiến tổ chức vào ngày 10 tháng 5. Trước cảnh tượng xúc động như vậy đã thu hút hàng nghìn khán giả tham dự và gây áp lực lên chính quyền Diệm trong việc ban hành các cải cách, khiến chính phủ phải ban bố lệnh giới nghiêm và điều động tất cả các nhân viên vũ trang làm nhiệm vụ suốt ngày đêm để ""ngăn chặn sự trà trộn của Việt Cộng"". Cuộc biểu tình kết thúc khi Thích Trí Quang thuyết phục người biểu tình hạ cờ cùng khẩu hiệu và tuân theo lệnh giới nghiêm 9 giờ tối. [ 10 ] Ngày hôm sau, 10 tháng 5, căng thẳng tiếp tục leo thang khi một đám đông khoảng 6.000 Phật tử kéo đến chùa Từ Đàm dự lễ cầu siêu và một loạt các cuộc họp bàn. Thích Trí Quang kêu gọi Phật tử đấu tranh bất bạo động và tuân theo phương pháp của Mahatma Gandhi , ông nói ""Không mang theo vũ khí"
PS_16,Ngô Đình Diệm,1901,1963,Quảng Bình,"Ngô Đình Diệm (chữ Hán: 吳廷琰; 3 tháng 1 năm 1901 – 2 tháng 11 năm 1963) là một chính khách người Việt Nam. Ông từng làm quan triều Nguyễn thời vua Bảo Đại, sau đó làm Thủ tướng cuối cùng của Quốc gia Việt Nam, rồi trở thành Tổng thống Đệ nhất Việt Nam Cộng hòa từ năm 1955 sau khi thành công trong việc phế truất Bảo Đại, cho đến khi bị lật đổ vào năm 1963. Ông cũng là lãnh tụ của Đảng Cần lao Nhân vị, đảng cầm quyền chính thức của miền Nam Việt Nam lúc bấy giờ.[1]

Là một nhà lãnh đạo theo Công giáo La Mã, ông bị những người theo Phật giáo phản đối vì thực hiện các chính sách thiên vị Công giáo. Tháng 11 năm 1963, một loạt các vụ biểu tình bất bạo động của Phật tử đã gây ra những bất ổn xã hội nghiêm trọng, Ngô Đình Diệm cùng em trai của mình là Ngô Đình Nhu đã bị ám sát trong một cuộc đảo chính năm 1963 do các tướng lĩnh dưới quyền thực hiện, với sự hỗ trợ của Chính phủ Hoa Kỳ.[2]

Ngô Đình Diệm là một nhân vật quan trọng trong thời kỳ chiến tranh Việt Nam và gây ra nhiều tranh cãi trong lịch sử. Một số sử gia coi ông là công cụ chống cộng trong tay người Mỹ, một số thì lại coi ông là độc tài và gia đình trị, trong khi đó một số sử gia khác coi ông là nhà chính trị mang nặng truyền thống phong kiến Việt Nam. Một số nghiên cứu gần đây cho rằng Ngô Đình Diệm là người tự cho rằng mình đang gánh vác một ""Thiên mệnh"", ông cũng có các kế hoạch riêng về nền chính trị ở miền Nam Việt Nam."
PS_17,Ngô Quang Trưởng,1929,2007,Vĩnh Long,"Xuất thân từ những khóa đầu tại trường Sĩ quan Trừ bị của Quốc gia Việt Nam, ông có hơn 12 năm phục vụ trong Binh chủng Nhảy dù. Năm 1972, ông được bổ nhiệm làm Tư lệnh Quân đoàn I, là chỉ huy cao nhất trong trận đánh tái chiếm Thành cổ Quảng Trị. Năm 1975, Quân đoàn I do ông chỉ huy thất bại nhanh chóng do bị rút Sư đoàn Dù về Sài Gòn theo lệnh của Tổng thống Nguyễn Văn Thiệu cộng thêm việc tinh thần binh sĩ ở vùng hỏa tuyến hoang mang khi Sư đoàn Thủy quân lục chiến rút khỏi Quảng Trị trong Chiến dịch Huế - Đà Nẵng. Dù tuyên bố cứng rắn “Việt cộng phải bước qua xác tôi mới vào được Cố đô Huế”, nhưng ngày 29 tháng 3 năm 1975, ông và một số tướng lãnh đã bỏ Sở chỉ huy, bơi ra tàu hải quân neo đậu ngoài khơi Đà Nẵng để vào Sài Gòn, sau đó di tản sang Mỹ."
PS_18,Trần Văn Hai,1925,1975,Nam Kỳ,"Trần Văn Hai ( 1925 - 1975 ) nguyên là một tướng lĩnh Bộ binh của Quân lực Việt Nam Cộng hòa , cấp bậc Chuẩn tướng . Ông xuất thân từ Trường Võ bị Quốc gia Việt Nam . Trong suốt thời gian tại ngũ, ông đã giữ những chức vụ ở các lĩnh vực khác nhau như: Tỉnh trưởng, Chỉ huy Binh chủng, Tổng Giám đốc ngành An ninh Nội chính, Chỉ huy Huấn khu và sau cùng là Tư lệnh đơn vị Bộ binh cấp Sư đoàn. Ông là một trong năm tướng lĩnh đã tự sát vào ngày cuối cùng của Việt Nam Cộng hòa . [ 1 ] Ông sinh vào tháng 1 năm 1925 trong một gia đình điền chủ tại Cần Thơ, miền Tây Nam phần Việt Nam. Năm 1945, ông tốt nghiệp Trung học chương trình Pháp tại Mỹ Tho với văn bằng Tú tài bán phần (Part I). Sau đó, ông được tuyển dụng làm Công chức tại Mỹ Tho cho đến ngày gia nhập quân đội. Cuối tháng 4 năm 1952, thi hành lệnh động viên, ông nhập ngũ vào Quân đội Quốc gia, mang số quân: 45/102.692. Theo học khóa 7 Ngô Quyền tại trường Võ bị Liên quân Đà Lạt, khai giảng ngày 1 tháng 5 năm 1952. Ngày 25 tháng 2 năm 1953 mãn khóa tốt nghiệp với cấp bậc Thiếu úy hiện dịch. Ra trường, ông được phân bổ chức vụ Trung đội trưởng tại Tiểu đoàn 4 Việt Nam [ 2 ] do Thiếu tá Đặng Văn Sơn [ 3 ] làm Tiểu đoàn trưởng. Cuối tháng 7 năm 1954, sau ngày ký hiệp định Genėve (20 tháng 7), ông được thăng cấp Trung úy phục vụ tại Phòng 2 thuộc Đệ tứ Quân khu Cao nguyên do Đại úy Đặng Hữu Hồng [ 4 ] làm Trưởng phòng. Cuối tháng 10 năm 1955, sau khi nền Đệ nhất Cộng hòa ra đời, chuyên sang phục vụ cơ cấu mới là Quân đội Việt Nam Cộng hòa, ông được cử làm Tiểu đoàn phó Tiểu đoàn 262 đóng tại Ninh Hòa, Khánh Hòa. Tháng 12 cuối năm ông được thăng cấp Đại úy giữ chức vụ Tiểu đoàn trưởng Tiểu đoàn 81 Địa phương đồn trú tại Phan Thiết. Đầu tháng 8 năm 1961, ông là một trong những người thành lập Trung tâm Huấn luyện Biệt động quân Dục Mỹ do Thiếu tá Vĩnh Biểu [ 5 ] làm Chỉ huy trưởng đầu tiên. Giữa năm 1962, ông được cử giữ chức vụ Trưởng khoa Hành quân kiêm Huấn luyện viên lớp ""Biệt động Rừng núi sình lầy"". Đầu năm 1963, ông được cử giữ chức vụ Trưởng khối Huấn luyện Trung tâm Huấn luyện Biệt động quân Dục Mỹ. Tháng 8 cùng năm, ông được thăng cấp Thiếu tá tại nhiệm. Đầu năm 1965, ông được bổ nhiệm làm Tỉnh trưởng tỉnh Phú Yên thay thế Trung tá Phạm Anh. [ 6 ] Ngày Quốc khánh Đệ Nhị Cộng hòa 1 tháng 11 cùng năm, ông được thăng cấp Trung tá tại nhiệm. Hạ tuần tháng 3 năm 1966, ông được lệnh bàn giao chức vụ Tỉnh trưởng Phú Yên lại cho Trung tá Nguyễn Văn Bá. [ 7 ] Ngay sau đó, ông được bổ nhiệm chức vụ Chỉ huy trưởng Bộ Chỉ huy Biệt động quân Trung ương thay thế Chuẩn tướng Phan Xuân Nhuận . Tháng 11 năm 1967, ông được thăng cấp Đại tá tại nhiệm. Đầu tháng 6 năm 1968, ông bàn giao Bộ chỉ huy Biệt động quân lại cho Đại tá Trần Công Liễu [ 8 ] . Sau đó ông được bổ nhiệm vào chức vụ Tổng giám đốc Tổng nha Cảnh sát Quốc gia thay thế Thiếu tướng Nguyễn Ngọc Loan được cử giữ chức vụ Thanh tra tại Bộ Quốc phòng. Tháng 7 năm 1970, ông được thăng cấp Chuẩn tướng tại nhiệm. Sau đó, ông được lệnh bàn giao chức vụ Tổng giám đốc Cảnh sát Quốc gia lại cho Thiếu tướng Trần Thanh Phong , để đi nhận chức vụ Tư lệnh Biệt khu 44 (gồm 4 tỉnh: Kiến Tường, Kiến Phong, Châu Đốc và An Giang). Đầu năm 1972, thuyên chuyển ra Quân khu 2, ông được cử giữ chức vụ Phó Tư lệnh Quân đoàn II đặc trách Biên phòng. Đầu tháng 7 cùng năm ông được chỉ định giữ chức vụ Chỉ huy trưởng Trung tâm Huấn luyện Lam Sơn kiêm Chỉ huy trưởng Huấn khu Dục Mỹ thay thế Chuẩn tướng Võ Văn Cảnh chuyển đi làm Chỉ huy trưởng trường Hạ sĩ quan Đồng Đế, Nha Trang. Cuối tháng 10 năm 1974, ông được lệnh bàn giao Quân trường Lam Sơn và Huấn khu Dục Mỹ lại cho Đại tá Nguyễn Hữu Toán. [ 9 ] Sau đó, ông được bổ nhiệm chức vụ Tư lệnh Sư đoàn 7 Bộ binh thay thế Thiếu tướng Nguyễn Khoa Nam được bổ nhiệm chức vụ Tư lệnh Quân đoàn IV và Quân khu 4 thay Trung tướng Nguyễn Vĩnh Nghi . Sư đoàn 7 bộ binh vào thời điểm tháng 4/1975, nhân sự ở Bộ tư lệnh Sư đoàn và Chỉ huy các Trung đoàn được phân bổ trách nhiệm như sau: Sư đoàn 7 bộ binh vào thời điểm tháng 4/1975, nhân sự ở Bộ tư lệnh Sư đoàn và Chỉ huy các Trung đoàn được phân bổ trách nhiệm như sau: -Tư lệnh - Chuẩn tướng Trần Văn Hai -Tư lệnh phó - Đại tá Phạm Đình Chi [ 10 ] -Tham mưu trưởng - Đại tá Bùi Huy Sảnh [ 11 ] -Chỉ huy Pháo binh - Đại tá Nguyễn Khắc Thiệu [ 12 ] -Trung đoàn 10 - Đại tá Trương Văn Bưởi [ 13 ] -Trung đoàn 12 - Đại tá Đặng Phương Thành [ 14 ] Trước sự kiện ngày 30 tháng 4 khoảng hơn một tuần, đích thân Tổng thống Thiệu cho máy bay riêng xuống đón ông di tản nhưng ông từ chối. [ 15 ] Chiều ngày 30 tháng 4, sau khi cho binh sĩ rời đơn vị theo lệnh của Tổng thống Dương Văn Minh , nửa đêm về sáng ngày 1 tháng 5 ông đã dùng thuốc Optalidon uống nguyên ống 20 viên tự vẫn trong phòng làm việc tại căn cứ Đồng Tâm, Mỹ Tho . Thi thể ông được mẹ và em trai đem về mai táng tại Nghĩa trang Chùa Vĩnh Nghiêm, Sài Gòn vào ngày 2 tháng 5 năm 1975, hưởng dương 50 tuổi. Ông được đánh giá là một tướng thanh liêm, chăm lo tốt đời sống đối với binh sĩ thuộc quyền. [ 15 ] Phu nhân: Bà Phạm Thị Cúc Các con: Trần Dũng, Trần Xuân Lan, Trần Việt và Trần Việt Bình Phu nhân: Bà Phạm Thị Cúc Các con: Trần Dũng, Trần Xuân Lan, Trần Việt và Trần Việt Bình ^ Biến cố 30/4/1975 có 5 vị tướng VNCH tự sát là các Thiếu tướng Phạm Văn Phú và Nguyễn Khoa Nam , các Chuẩn tướng Lê Văn Hưng , Lê Nguyên Vỹ và Trần Văn Hai. ^ Tiểu đoàn 4 Việt Nam được thành lập vào ngày 15 tháng 10 năm 1952, Tiểu đoàn trưởng đầu tiên là Đại úy Trần Văn Cường (Sinh năm 1930 tại Hà Đông, tốt nghiệp khóa 3 Võ bị Đà Lạt. Sau cùng là Đại tá Tham mưu phó Bộ Chỉ huy Biệt động quân Trung ương tại trại Đào Bá Phước, Sài Gòn). ^ Thiếu tá Đặng Văn Sơn sinh năm 1916 tại Huế, tốt nghiệp trường Hạ sĩ quan của Quân đội Pháp. Sau cùng là Đại tá Chỉ huy trưởng TTHL Biệt động quân Dục Mỹ (1961-1963). Giải ngũ năm 1965. ^ Đại uý Đặng Hữu Hồng về sau là Trung tá Tỉnh trưởng Quảng Đức, năm 1965 tử trận được truy thăng Đại tá. ^ Thiếu tá Vĩnh Biểu là bào đệ của tướng Vĩnh Lộc, sinh năm 1929 tại Thừa Thiên, tốt nghiệp khóa 2 Võ bị Địa phương Trung Việt (còn gọi là trường Sĩ quan Đập Đá Huế). Sau cùng là Đại tá Phụ tá Tư lệnh phó Lãnh thổ Quân khu 1. ^ Trung tá Phạm Anh sinh năm 1929 tại Thừa Thiên, tốt nghiệp trường Hạ sĩ quan của Quân đội Pháp, giải ngũ ở cấp Đại tá. Dân biểu Quốc hội Đệ nhị Cộng hòa. ^ Trung tá Nguyễn Văn Bá sinh năm 1923 tại Quảng Bình, tốt nghiệp khóa 1 Võ bị Huế. Sau cùng là Đại tá Tuỳ viên Quân sự cạnh Sứ quán Việt Nam Cộng hòa tại Thủ đô Tokyo, Nhật Bản. ^ Đại tá Trần Công Liễu sinh năm 1932 tại Bà Rịa, tốt nghiệp khóa 8 Võ bị Đà Lạt. Sau cùng là Đại tá Thị trưởng kiêm Đặc khu trưởng Đặc khu Cam Ranh. ^ Đại tá Nguyễn Hữu Toán sinh năm 1930 tại Nam Định, tốt nghiệp Trường Sĩ quan Nam Định. Nguyên Tư lệnh Sư đoàn 25 Bộ binh. ^ Đại tá Phạm Đình Chi, sinh năm 1923 tại Huế, tốt nghiệp khóa 3 trường Sĩ quan Trừ bị Thủ Đức ^ Đại tá Bùi Huy Sảnh, sinh năm 1927, tốt nghiệp trường Võ bị Địa phương Nam Việt (Vũng Tàu). ^ Đại tá Nguyễn Khắc Thiệu, sinh năm 1924 tại Hải Dương, tốt nghiệp khóa 3 trường Sĩ quan Trừ bị Thủ Đức. ^ Đại tá Trương Văn Bưởi sinh năm 1931 tại Thừa Thiên, tốt nghiệp khóa 10 Võ bị Đà Lạt ^ Đại tá Đặng Phương Thành sinh năm 1940, tốt nghiệp khóa 16 Võ bị Đà Lạt ^ a b ""Bản sao đã lưu trữ"" . Bản gốc lưu trữ ngày 20 tháng 6 năm 2010 . Truy cập ngày 2 tháng 7 năm 2010 . ^ Biến cố 30/4/1975 có 5 vị tướng VNCH tự sát là các Thiếu tướng Phạm Văn Phú và Nguyễn Khoa Nam , các Chuẩn tướng Lê Văn Hưng , Lê Nguyên Vỹ và Trần Văn Hai. ^ Tiểu đoàn 4 Việt Nam được thành lập vào ngày 15 tháng 10 năm 1952, Tiểu đoàn trưởng đầu tiên là Đại úy Trần Văn Cường (Sinh năm 1930 tại Hà Đông, tốt nghiệp khóa 3 Võ bị Đà Lạt. Sau cùng là Đại tá Tham mưu phó Bộ Chỉ huy Biệt động quân Trung ương tại trại Đào Bá Phước, Sài Gòn). ^ Thiếu tá Đặng Văn Sơn sinh năm 1916 tại Huế, tốt nghiệp trường Hạ sĩ quan của Quân đội Pháp. Sau cùng là Đại tá Chỉ huy trưởng TTHL Biệt động quân Dục Mỹ (1961-1963). Giải ngũ năm 1965. ^ Đại uý Đặng Hữu Hồng về sau là Trung tá Tỉnh trưởng Quảng Đức, năm 1965 tử trận được truy thăng Đại tá. ^ Thiếu tá Vĩnh Biểu là bào đệ của tướng Vĩnh Lộc, sinh năm 1929 tại Thừa Thiên, tốt nghiệp khóa 2 Võ bị Địa phương Trung Việt (còn gọi là trường Sĩ quan Đập Đá Huế). Sau cùng là Đại tá Phụ tá Tư lệnh phó Lãnh thổ Quân khu 1. ^ Trung tá Phạm Anh sinh năm 1929 tại Thừa Thiên, tốt nghiệp trường Hạ sĩ quan của Quân đội Pháp, giải ngũ ở cấp Đại tá. Dân biểu Quốc hội Đệ nhị Cộng hòa. ^ Trung tá Nguyễn Văn Bá sinh năm 1923 tại Quảng Bình, tốt nghiệp khóa 1 Võ bị Huế. Sau cùng là Đại tá Tuỳ viên Quân sự cạnh Sứ quán Việt Nam Cộng hòa tại Thủ đô Tokyo, Nhật Bản. ^ Đại tá Trần Công Liễu sinh năm 1932 tại Bà Rịa, tốt nghiệp khóa 8 Võ bị Đà Lạt. Sau cùng là Đại tá Thị trưởng kiêm Đặc khu trưởng Đặc khu Cam Ranh. ^ Đại tá Nguyễn Hữu Toán sinh năm 1930 tại Nam Định, tốt nghiệp Trường Sĩ quan Nam Định. Nguyên Tư lệnh Sư đoàn 25 Bộ binh. ^ Đại tá Phạm Đình Chi, sinh năm 1923 tại Huế, tốt nghiệp khóa 3 trường Sĩ quan Trừ bị Thủ Đức ^ Đại tá Bùi Huy Sảnh, sinh năm 1927, tốt nghiệp trường Võ bị Địa phương Nam Việt (Vũng Tàu). ^ Đại tá Nguyễn Khắc Thiệu, sinh năm 1924 tại Hải Dương, tốt nghiệp khóa 3 trường Sĩ quan Trừ bị Thủ Đức. ^ Đại tá Trương Văn Bưởi sinh năm 1931 tại Thừa Thiên, tốt nghiệp khóa 10 Võ bị Đà Lạt ^ Đại tá Đặng Phương Thành sinh năm 1940, tốt nghiệp khóa 16 Võ bị Đà Lạt ^ a b ""Bản sao đã lưu trữ"" . Bản gốc lưu trữ ngày 20 tháng 6 năm 2010 . Truy cập ngày 2 tháng 7 năm 2010 . Quân lực Việt Nam Cộng hòa Quân lực Việt Nam Cộng hòa Trần Ngọc Thống, Hồ Đắc Huân, Lê Đình Thụy (2011). Lược sử Quân lực Việt Nam Cộng hòa. Trần Ngọc Thống, Hồ Đắc Huân, Lê Đình Thụy (2011). Lược sử Quân lực Việt Nam Cộng hòa."
PS_19,Võ Nguyên Giáp,1911,2013,Quảng Bình,"Võ Nguyên Giáp (25 tháng 8 năm 1911 – 4 tháng 10 năm 2013), tên khai sinh là Võ Giáp,[a] còn được gọi là tướng Giáp hoặc anh Văn, là một nhà lãnh đạo quân sự và chính trị gia người Việt Nam. Ông là Đại tướng đầu tiên, Tổng Tư lệnh tối cao của Quân đội Nhân dân Việt Nam, một trong những thành viên sáng lập nhà nước Việt Nam Dân chủ Cộng hòa, được Chính phủ Việt Nam đánh giá là ""người học trò xuất sắc và gần gũi của Chủ tịch Hồ Chí Minh"",[1][2] là chỉ huy trưởng của các chiến dịch trong Chiến tranh Đông Dương (1946–1954), Chiến tranh Việt Nam (1955–1975) và Chiến tranh biên giới Việt – Trung (1979).

Xuất thân là một giáo viên dạy lịch sử, ông được đánh giá là một trong những nhà lãnh đạo quân sự lỗi lạc nhất trong lịch sử Việt Nam.[3] Ông được nhiều tờ báo ca ngợi là anh hùng dân tộc của nhân dân Việt Nam.[4][5][6] Võ Nguyên Giáp cũng đọc và chịu ảnh hưởng của nhiều nhà lãnh đạo lịch sử, chẳng hạn như Carl von Clausewitz, Tôn Tử, George Washington, và Vladimir Lenin, mặc dù cá nhân ông cho rằng T. E. Lawrence và Napoléon là hai người có ảnh hưởng lớn nhất đến ông.[7] Các báo chí phương Tây còn gọi ông Giáp với biệt danh là ""Napoleon đỏ"" (Red Napoleon) do tài chỉ huy quân sự của ông đã đánh bại hoàn toàn âm mưu xâm lược của nước Pháp trong trận Điện Biên Phủ năm 1954 gây chấn động thế giới.[8] Ông Giáp cũng là một nhà hậu cần chiến lược,[9] và được công nhận là kiến ​​trúc sư chính của đường mòn Hồ Chí Minh, đưa vũ khí và người từ miền Bắc Việt Nam vào Nam qua Lào và Campuchia, được công nhận là một trong những kỳ công vĩ đại của thế kỷ 20 về kỹ thuật quân sự và khả năng quản lý quân sự hoàn hảo.[10]

Võ Nguyên Giáp thường được ghi nhận là người có công trong chiến thắng quân sự của Việt Nam Dân chủ Cộng hòa trước Hoa Kỳ và Việt Nam Cộng hòa.[11] Sự nghiệp quân sự của ông so với các nhà lãnh đạo khác được xem là nổi bật hơn, với những tướng cũ của ông là Văn Tiến Dũng và Hoàng Văn Thái sau này có trách nhiệm quân sự trực tiếp hơn ông.[12] Mặc dù vậy, ông đã đóng vai trò quan trọng trong việc biến Quân đội Nhân dân Việt Nam thành một trong những lực lượng chiến đấu kết hợp và cơ giới hóa ""lớn nhất, đáng gờm nhất"" có khả năng đánh bại Quân lực Việt Nam Cộng hòa trong chiến tranh."
PS_20,Huyền Trân Công chúa,1287,1340,Việt Nam,"Công chúa không rõ tên thật, theo dã sử Đền thờ Huyền Trân công chúa tại Huế, bà được cho là hạ sinh vào năm 1289[4], mẹ công chúa có thể là Khâm Từ Bảo Thánh hoàng hậu - trưởng nữ của Hưng Đạo đại vương Trần Quốc Tuấn. Tuy nhiên, cũng có khả năng bà là con gái của Tuyên Từ hoàng hậu, em gái của Khâm Từ hoàng hậu. Năm 1301, Thái thượng hoàng Trần Nhân Tông nhận lời mời, du ngoạn vào Chiêm Thành, được Quốc vương Chiêm Thành là Chế Mân tiếp đãi nồng hậu, có ở lại trong cung điện Chiêm Thành gần 9 tháng. Khi ra về, Thái thượng hoàng có hứa gả con gái cho Chế Mân, mặc dù khi đó Chế Mân đã có 2 người vợ là Vương Hậu Bhaskaradevi (nguyên phối) và Vương hậu Tapasi, người Java (Indonesia ngày nay). Sau đó nhiều lần, Chế Mân cử sứ sang hỏi về việc hôn lễ, nhưng nhiều quan lại nhà Trần phản đối, chỉ có Văn Túc vương Trần Đạo Tái và Nhập nội hành khiển Trần Khắc Chung chủ trương tán thành.

Năm Bính Ngọ, Hưng Long năm thứ 14 (1306), tháng 6, Chúa Chiêm Thành là Chế Mân dâng hai châu Ô, Rý (còn gọi là Lý) làm hồi môn, vua Trần Anh Tông khi đó mới đồng ý gả Công chúa Huyền Trân cho Chế Mân. Công chúa khi về Chiêm Thành, được phong làm Vương hậu thứ 3 với phong hiệu là Paramecvari [5]. Năm Đinh Mùi (1307), vào tháng 5, quốc vương Chế Mân chết. Nghĩa là chỉ một năm sau khi cuộc liên hôn giữa Đại Việt và Chiêm Thành diễn ra. Khi đó, Hoàng hậu Paramecvari ( Huyền Trân công chúa) vừa hạ sinh Thái tử Chế Đa Đa không lâu. Thái tử Chế Đa Đa được vua Chế Mân phong chức thái tử từ khi con trong bụng mẹ, Ông hi vọng thái tử sau này sẽ là một vị minh quân chăm lo cho thần dân hai nước Chămpa và Đại Việt, gắn kết thêm tình hữu nghị hai nước.

Theo Đại Việt sử ký chép lại, Trần Anh Tông liền cử Hành khiển Trần Khắc Chung sang viếng tang, và đón công chúa về. Trần Khắc Chung đưa công chúa về Đại Việt bằng đường biển. Cuộc hải hành này kéo dài tới một năm. Trong cuộc hành trình trở về, công chúa chỉ đi một mình, để lại con thơ là Thế tử Chế Đa Đa, không thể mang con về cùng vì đó là thế tử của Chămpa. Về sau, Đại Việt sử ký không còn bất kỳ ghi chép nào về hành trạng của công chúa."
